{"eval/loss": 0.375735342502594, "eval/CONTENT_RMSE": 0.466987282037735, "eval/WORDING_RMSE": 0.5434082746505737, "eval/MCRMSE": 0.5051977634429932, "eval/runtime": 87.5557, "eval/samples_per_second": 8.018, "eval/steps_per_second": 1.005, "train/epoch": 9.93, "train/global_step": 1020, "_timestamp": 1685685640.3244815, "_runtime": 37342.27334141731, "_step": 16, "train/loss": 0.2812, "train/learning_rate": 5.882352941176471e-07, "train/train_runtime": 23504.4792, "train/train_samples_per_second": 1.398, "train/train_steps_per_second": 0.043, "train/total_flos": 8.56876064427049e+16, "train/train_loss": 0.37509298838821115, "_wandb": {"runtime": 35836}}